{
  "BUSN": {
    "X": 41.80571901653862,
    "Y": -72.25345947352965
  },
  "ITE": {
    "X": 41.806754505252364,
    "Y": -72.25306377352968
  },
  "JONS": {
    "X": 41.813890788435366,
    "Y": -72.24850311770581
  },
  "YNG": {
    "X": 41.81232760359143,
    "Y": -72.24832376003529
  },
  "RHBA": {
    "X": 41.812503789318676,
    "Y": -72.24951156003536
  },
  "BOUS": {
    "X": 41.80703702462878,
    "Y": -72.25059213674123
  },
  "KNS": {
    "X": 41.80871809863418,
    "Y": -72.25102220236491
  },
  "GENT": {
    "X": 41.80876270741977,
    "Y": -72.25391128887074
  },
  "BCH": {
    "X": 41.80971191697878,
    "Y": -72.25009646003538
  },
  "STRS": {
    "X": 41.81011720966211,
    "Y": -72.25237827352956
  },
  "CHM": {
    "X": 41.81098691379532,
    "Y": -72.25391941770594
  },
  "AUST": {
    "X": 41.81066502749361,
    "Y": -72.2513162293531
  },
  "FG": {
    "X": 41.81307659097652,
    "Y": -72.25212557537648
  },
  "WITE": {
    "X": 41.813314500880644,
    "Y": -72.24950710236475
  },
  "OAK": {
    "X": 41.80758731377533,
    "Y": -72.25128648887072
  },
  "ARTB": {
    "X": 41.80405081675426,
    "Y": -72.24573198887084
  },
  "BISH": {
    "X": 41.80710948468474,
    "Y": -72.24351821216511
  },
  "UTEB": {
    "X": 41.80962140176042,
    "Y": -72.25555766003544
  },
  "BRON": {
    "X": 41.80886604009452,
    "Y": -72.25486107168254
  },
  "MCHU": {
    "X": 41.80727911186474,
    "Y": -72.25339034469435
  },
  "E2": {
    "X": 41.80931861185542,
    "Y": -72.25540000236485
  },
  "PBB": {
    "X": 41.81036981393367,
    "Y": -72.25514926501128
  },
  "CAST": {
    "X": 41.80833480285034,
    "Y": -72.25468362935318
  },
  "ROWE": {
    "X": 41.8078837186693,
    "Y": -72.25293126003542
  },
  "GN": {
    "X": 41.81009759712884,
    "Y": -72.25749541585903
  },
  "GW": {
    "X": 41.809423005493734,
    "Y": -72.25749255070224
  },
  "TLS": {
    "X": 41.810482472795805,
    "Y": -72.25656310236484
  },
  "ARJ": {
    "X": 41.80642518465851,
    "Y": -72.248805902365
  },
  "HAWL": {
    "X": 41.807684284972886,
    "Y": -72.2507414600355
  },
  "MONT": {
    "X": 41.807103662467476,
    "Y": -72.2492305428474
  },
  "DRMU": {
    "X": 41.80417658607508,
    "Y": -72.24449679316795
  },
  "WSRH": {
    "X": 41.80480972002634,
    "Y": -72.24722527842572
  },
  "NKT": {
    "X": 41.804385522207006,
    "Y": -72.24424466553874
  },
  "BIMP": {
    "X": 41.80480773342669,
    "Y": -72.2431212324443
  },
  "HBL": {
    "X": 41.806664059719324,
    "Y": -72.25176171340911
  },
  "BPB": {
    "X": 41.80991696468172,
    "Y": -72.2566512667825
  },
  "HALL": {
    "X": 41.808133829871814,
    "Y": -72.25194884960388
  },
  "MUSB": {
    "X": 41.80530099632485,
    "Y": -72.24501522569892
  },
  "ZFA": {
    "X": 41.80461831559838,
    "Y": -72.24463264545682
  },
  "WOOD": {
    "X": 41.809198434298736,
    "Y": -72.25312418518618
  },
  "FSB": {
    "X": 41.8086575265216,
    "Y": -72.24891421524651
  },
  "TSK": {
    "X": 41.80768150199078,
    "Y": -72.25706179681418
  },
  "JRB": {
    "X": 41.803326659066265,
    "Y": -72.25088811832815
  },
  "DODD": {
    "X": 41.80581788137462,
    "Y": -72.25108275573842
  },
  "MAN": {
    "X": 41.80805777066995,
    "Y": -72.24826239806788
  },
  "KB": {
    "X": 41.80856922969748,
    "Y": -72.25388396862006
  },
  "GAMP": {
    "X": 41.805324968939985,
    "Y": -72.25440164469435
  },
  "BFFC": {
    "X": 41.8034502864061,
    "Y": -72.25505531095914
  },
  "SCI1": {
    "X": 41.80820250073962,
    "Y": -72.2607984404556
  },
  "VDM": {
    "X": 41.80497008097222,
    "Y": -72.24544067352974
  },
  "ATWR": {
    "X": 41.81094648804425,
    "Y": -72.25510497047641
  },
  "GS": {
    "X": 41.80924774422564,
    "Y": -72.25685153548535
  },
  "ABL": {
    "X": 41.813585836784064,
    "Y": -72.25043325573827
  },
  "SU": {
    "X": 41.80738243073643,
    "Y": -72.25507408518621
  },
  "HDC": {
    "X": 41.80224952386312,
    "Y": -72.24702260314969
  },
  "PCSB": {
    "X": 41.802524431527814,
    "Y": -72.24841000297762
  }
}